"16","AFRICA","TOTO","2018-12-22 21:15:52"
"17","MEANT TO BE","BEBE REXHA feat. FLORIDA GEORGIA LINE","2018-12-22 21:16:38"
"18","STAY ON","TINKABELLE","2018-12-22 21:20:40"
"19","ROSEMARY","NICKLESS","2018-12-22 21:22:11"
"20","YOU'RE BEAUTIFUL","JAMES BLUNT","2018-12-22 21:26:49"
"21","I'LL BE THERE","JESS GLYNNE","2018-12-22 21:30:08"
"22","FEELS LIKE CHRISTMAS","CYNDI LAUPER","2018-12-22 21:34:00"
"23","FALLIN' FOR YOU","COLBIE CAILLAT","2018-12-22 21:38:32"
"24","MIRACLES (SOMEONE SPECIAL)","COLDPLAY feat. BIG SEAN","2018-12-22 21:39:03"
"25","WENN SIE TANZT","MAX GIESINGER","2018-12-22 21:43:37"
"26","YOU ARE THE REASON","CALUM SCOTT","2018-12-22 21:47:10"
"402","AFTER THE SKY (Underscore Version)","RSO NACHTMIX","2018-12-24 00:13:00"
"403","WONDERLAND (Underscore Version)","RSO NACHTMIX","2018-12-24 00:15:32"
"404","EASY VAR. 1","RSO NACHTMIX","2018-12-24 00:18:03"
"405","TANNED BEAUTY","RSO NACHTMIX","2018-12-24 00:24:38"
"406","MEDITERRANEAN","RSO NACHTMIX","2018-12-24 00:28:40"
"407","OBSERVING THE BEACH FROM OUTER SPACE","RSO NACHTMIX","2018-12-24 00:28:57"
"408","MORNING SKY","RSO NACHTMIX","2018-12-24 00:34:00"
"409","COCKTAIL LOUNGE","RSO NACHTMIX","2018-12-24 00:37:33"
"410","BACK IN THE DAYS","RSO NACHTMIX","2018-12-24 00:40:34"
"411","OCEANS","RSO NACHTMIX","2018-12-24 00:50:10"
"412","FRAME OF MIND","RSO NACHTMIX","2018-12-24 00:52:12"
"413","HUMILITY","RSO NACHTMIX","2018-12-24 00:57:15"
"414","HOPE OF FREEDOM","RSO NACHTMIX","2018-12-24 01:00:47"
"415","GOOD SPIRITS","RSO NACHTMIX","2018-12-24 01:04:35"
"416","SOONER RATHER THAN LATER","RSO NACHTMIX","2018-12-24 01:07:52"
"417","CALM LEVEL","RSO NACHTMIX","2018-12-24 01:09:08"
"418","ROMANTIC MEETING","RSO NACHTMIX","2018-12-24 01:14:56"
"419","MILES AWAY","RSO NACHTMIX","2018-12-24 01:17:42"
"420","MODERATION MUSIC LOOP (Happy Mix)","RSO NACHTMIX","2018-12-24 01:20:44"
"421","SAND","RSO NACHTMIX","2018-12-24 01:23:01"
"422","FOLLOW ME","RSO NACHTMIX","2018-12-24 01:29:04"
"423","ALL MY LOVE","RSO NACHTMIX","2018-12-24 01:37:09"
"424","TWO WORLDS","RSO NACHTMIX","2018-12-24 01:42:57"
"425","EASY MORNING","RSO NACHTMIX","2018-12-24 01:44:58"
"426","FEEL FINE","RSO NACHTMIX","2018-12-24 01:49:46"
"427","MY SWEET LOVE","RSO NACHTMIX","2018-12-24 01:53:48"
"428","JASMINE","RSO NACHTMIX","2018-12-24 02:01:23"
"429","BEAUTIFUL SUNDAY","RSO NACHTMIX","2018-12-24 02:04:55"
"430","WAITING 4 THE NIGHTRAIN (Dub Edit)","RSO NACHTMIX","2018-12-24 02:08:32"
"431","DREAMING GUITAR","RSO NACHTMIX","2018-12-24 02:18:13"
"2544","THE SEED","THE ROOTS feat. CODY CHESNUTT","2018-12-30 06:57:59"
"2545","LIKE I LOVE YOU","LOST FREQUENCIES feat. THE NGHBRS","2018-12-30 07:06:06"
"2546","ISSUES","JULIA MICHAELS","2018-12-30 07:17:21"
"2547","BE ALRIGHT","DEAN LEWIS","2018-12-30 07:20:38"
"3292","IS IT LOVE?","REA GARVEY feat. KOOL SAVAS","2019-01-01 12:50:54"
"3293","ELECTRICITY","DUA LIPA & SILK CITY","2019-01-01 12:53:41"
"3294","REALITY","LOST FREQUENCIES feat. JANIECK DEVY","2019-01-01 12:58:29"
"3295","RUN TO YOU","TOM GREGORY","2019-01-01 13:07:50"
"3296","HATE THAT I LOVE YOU","RIHANNA feat. NE-YO","2019-01-01 13:09:22"
"3297","PROMISES","CALVIN HARRIS feat. SAM SMITH","2019-01-01 13:15:57"
"3298","HURRY HURRY","BABA SHRIMPS","2019-01-01 13:19:29"
"3299","BETTER NOW","POST MALONE","2019-01-01 13:26:38"
"3300","TAUSEND TATTOOS","SIDO","2019-01-01 13:28:28"
"3301","CAR WASH","CHRISTINA AGUILERA feat. MISSY ELLIOTT","2019-01-01 13:30:44"
"3302","BAD LIAR","IMAGINE DRAGONS","2019-01-01 13:36:48"
"3303","BODY","LOUD LUXURY feat. BRANDO","2019-01-01 13:41:00"
"3304","ROCKSTAR","NICKELBACK","2019-01-01 13:43:02"
"3305","THE MIDDLE","ZEDD & GREY feat. MAREN MORRIS","2019-01-01 13:48:36"
"3306","NEVERMIND","DENNIS LLOYD","2019-01-01 13:52:08"
"3307","MI CULPA","LOCO ESCRITO","2019-01-01 13:53:24"
"3308","ALMOST LOVER","A FINE FRENZY","2019-01-01 13:56:58"
"3309","LET YOU LOVE ME","RITA ORA","2019-01-01 14:07:52"
"3310","P.D.A. (WE JUST DON'T CARE)","JOHN LEGEND","2019-01-01 14:10:08"
"3311","EINMAL","MARK FORSTER","2019-01-01 14:14:57"
"3312","STRESSED OUT","TWENTY ONE PILOTS","2019-01-01 14:20:46"
"3313","GIRLS GO WILD (Clean Edit)","LP","2019-01-01 14:23:48"
"3314","EVERYBODY WANTS TO RULE THE WORLD","TEARS FOR FEARS","2019-01-01 14:27:51"
"3315","RENEGADES","X AMBASSADORS","2019-01-01 14:35:56"
"3316","HAPPIER","MARSHMELLO feat. BASTILLE","2019-01-01 14:37:27"
"3317","BACK TO YOU","SELENA GOMEZ","2019-01-01 14:41:30"
"3318","UP IN THE SKY","77 BOMBAY STREET","2019-01-01 14:45:03"
"3319","PUSH","LENNY KRAVITZ","2019-01-01 14:52:23"
"3320","HELLO","ADELE","2019-01-01 14:55:46"
"3321","BE ALRIGHT","DEAN LEWIS","2019-01-01 15:08:26"
"3322","ISSUES","JULIA MICHAELS","2019-01-01 15:10:43"
"3323","JANIE'S GOT A GUN","AEROSMITH","2019-01-01 15:12:29"
"3324","GIRLS LIKE YOU","MAROON 5 feat. CARDI B","2019-01-01 15:22:51"
"3325","POSTCARDS","JAMES BLUNT","2019-01-01 15:27:39"
"3326","ALL I AM","JESS GLYNNE","2019-01-01 15:33:59"
"3327","SHALLOW","LADY GAGA & BRADLEY COOPER","2019-01-01 15:44:42"
"3328","STRONGER (WHAT DOESN'T KILL YOU)","KELLY CLARKSON","2019-01-01 15:48:25"
"3329","SAY SOMETHING","JUSTIN TIMBERLAKE feat. CHRIS STAPLETON","2019-01-01 15:53:29"
"3330","SHOTGUN","GEORGE EZRA","2019-01-01 15:58:34"
"3331","HELL OR HIGH WATER","PASSENGER","2019-01-01 16:07:21"
"3332","STORY OF MY LIFE","ONE DIRECTION","2019-01-01 16:11:28"
"3333","BUILD A HOUSE","STEFANIE HEINZMANN feat. ALLE FARBEN","2019-01-01 16:15:48"
"3334","HYMN FOR THE WEEKEND","COLDPLAY feat. BEYONCÉ","2019-01-01 16:19:50"
"3335","DANCING ON MY OWN","CALUM SCOTT","2019-01-01 16:22:23"
"3336","SWEET BUT PSYCHO","AVA MAX","2019-01-01 16:26:11"
"3337","PYRO","KINGS OF LEON","2019-01-01 16:30:44"
"3338","BABY","CLEAN BANDIT feat. MARINA & LUIS FONSI","2019-01-01 16:34:21"
"3339","HEARTS ON FIRE","GAVIN JAMES","2019-01-01 16:36:55"
"3340","MY TYPE","SAINT MOTEL","2019-01-01 16:38:56"
"3341","LIKE I LOVE YOU","LOST FREQUENCIES feat. THE NGHBRS","2019-01-01 16:43:45"
"3342","HAPPINESS","JONATHAN JEREMIAH","2019-01-01 16:46:17"
"3343","JOHN DOE","B.O.B feat. PRISCILLA","2019-01-01 16:48:49"
"3344","WILD THOUGHTS","DJ KHALED feat. RIHANNA & BRYSON TILLER","2019-01-01 16:53:21"
"3345","HALCYON BIRDS","BROKEN BACK","2019-01-01 16:57:39"
"3346","SPEECHLESS","ROBIN SCHULZ feat. ERIKA SIROLA","2019-01-01 17:05:18"
"3347","LOVE SOUL MATTER","GOTTHARD","2019-01-01 17:08:20"
"3348","HEAD ABOVE WATER","AVRIL LAVIGNE","2019-01-01 17:12:38"
"3349","RED RED WINE","UB40","2019-01-01 17:16:15"
"3350","IN GOD'S HANDS","NELLY FURTADO","2019-01-01 17:21:19"
"3351","BONNIE & CLYDE","HEDGEHOG","2019-01-01 17:23:50"
"3352","GET OVER YOU","PEGASUS","2019-01-01 17:27:07"
"3353","SAFE","NICO SANTOS","2019-01-01 17:33:18"
"3354","VALERIE","MARK RONSON feat. AMY WINEHOUSE","2019-01-01 17:38:01"
"3355","RUN RUN","RAY BLK","2019-01-01 17:40:32"
"3356","DIESER WEG","XAVIER NAIDOO","2019-01-01 17:44:10"
"3357","BAD LIAR","IMAGINE DRAGONS","2019-01-01 17:46:10"
"3358","YOU'RE THE INSPIRATION","CHICAGO","2019-01-01 17:51:46"
"3359","WOLVES","SELENA GOMEZ & MARSHMELLO","2019-01-01 17:54:50"
"3360","SATELLITE","LENA MEYER-LANDRUT","2019-01-01 17:59:10"
"3361","THIS FEELING","THE CHAINSMOKERS feat. KELSEA BALLERINI","2019-01-01 18:05:20"
"3362","ANOTHER BRICK IN THE WALL (Part 2)","PINK FLOYD","2019-01-01 18:09:24"
"3363","I WON'T LET YOU GO","JAMES MORRISON","2019-01-01 18:12:01"
"3364","SURFER","HECHT","2019-01-01 18:16:07"
"3365","GALWAY GIRL","ED SHEERAN","2019-01-01 18:19:42"
"3366","WHATEVER YOU WANT (Clean)","P!NK","2019-01-01 18:21:44"
"3367","RISE","JONAS BLUE feat. JACK & JACK","2019-01-01 18:27:05"
"3368","PUMPED UP KICKS","FOSTER THE PEOPLE","2019-01-01 18:29:22"
"3369","HAPPY NOW","KYGO feat. SANDRO CAVAZZA","2019-01-01 18:32:55"
"3370","ONE","U2 feat. MARY J. BLIGE","2019-01-01 18:36:30"
"3371","PROMISES","CALVIN HARRIS feat. SAM SMITH","2019-01-01 18:40:18"
"3372","LIFTED","LIGHTHOUSE FAMILY","2019-01-01 18:44:52"
"3373","FINAL SONG","MØ","2019-01-01 18:47:44"
"3374","DEAR MR. PRESIDENT","P!NK feat. INDIGO GIRLS","2019-01-01 18:52:02"
"3375","ROSEMARY","NICKLESS","2019-01-01 18:57:06"
"3376","ANGEL","SHAGGY feat. RAYVON","2019-01-01 19:00:07"
"3377","I'LL BE THERE","JESS GLYNNE","2019-01-01 19:03:41"
"3378","MONDAY MORNING","MELANIE FIONA","2019-01-01 19:06:18"
"3379","LA CINTURA","ÀLVARO SOLER","2019-01-01 19:10:13"
"3380","HEART ON FIRE","YOKKO","2019-01-01 19:13:23"
"3381","NAKED","JAMES ARTHUR","2019-01-01 19:16:36"
"3382","SOMETHING HUMAN","MUSE","2019-01-01 19:20:43"
"3383","DAS BESTE","SILBERMOND","2019-01-01 19:25:01"
"3384","EASTSIDE","BENNY BLANCO feat. KHALID & HALSEY","2019-01-01 19:28:50"
"3385","CAN'T FIGHT THE MOONLIGHT","LEANN RIMES","2019-01-01 19:31:07"
"3386","LET YOU LOVE ME","RITA ORA","2019-01-01 19:35:44"
"3387","SHE DRIVES ME CRAZY","FINE YOUNG CANNIBALS","2019-01-01 19:39:52"
"3388","I LIKE ME BETTER","LAUV","2019-01-01 19:42:24"
"3389","DANCE WITH SOMEBODY","MANDO DIAO","2019-01-01 19:44:25"
"3390","HURT SOMEBODY","NOAH KAHAN & JULIA MICHAELS","2019-01-01 19:47:59"
"3391","SOMEONE NEW","ESKOBAR feat. HEATHER NOVA","2019-01-01 19:53:17"
"3392","YOUNGBLOOD","5 SECONDS OF SUMMER","2019-01-01 19:54:18"
"3393","SWEET HOME ALABAMA","LYNYRD SKYNYRD","2019-01-01 19:57:51"
"3394","ARE YOU WITH ME (Radio Edit)","LOST FREQUENCIES","2019-01-01 20:02:56"
"3395","WHAT LOVERS DO","MAROON 5 feat. SZA","2019-01-01 20:05:13"
"3396","SHE SAID","PLAN B","2019-01-01 20:10:23"
"3397","IM ERSCHTE TRAM","LO & LEDUC","2019-01-01 20:13:40"
"3398","BECAUSE OF YOU","KELLY CLARKSON","2019-01-01 20:17:02"
"3399","BE ALRIGHT","DEAN LEWIS","2019-01-01 20:21:04"
"3400","TEARS IN HEAVEN","ERIC CLAPTON","2019-01-01 20:25:28"
"3401","ON MY MIND","DISCIPLES","2019-01-01 20:28:45"
"3402","SOMEBODY THAT I USED TO KNOW","GOTYE feat. KIMBRA","2019-01-01 20:32:29"
"3403","STAY","BASTIAN BAKER","2019-01-01 20:36:01"
"3404","NO MATTER WHAT","BOYZONE","2019-01-01 20:39:49"
"3405","BODY","LOUD LUXURY feat. BRANDO","2019-01-01 20:45:10"
"3406","AMANDA","BOSTON","2019-01-01 20:46:10"
"3407","BIG GIRLS DON'T CRY","FERGIE","2019-01-01 20:51:45"
"3408","ZUHAUSE","MAX GIESINGER","2019-01-01 20:56:48"
"3409","MALIBU","MILEY CYRUS","2019-01-01 21:00:21"
"3410","KISS ME","REA GARVEY","2019-01-01 21:02:23"
"3411","NEED YOU NOW","LADY ANTEBELLUM","2019-01-01 21:06:41"
"3412","MI CULPA","LOCO ESCRITO","2019-01-01 21:10:13"
"3413","AGAIN","LENNY KRAVITZ","2019-01-01 21:13:15"
"3414","HAPPIER","MARSHMELLO feat. BASTILLE","2019-01-01 21:18:34"
"3415","TAKE YOUR BREATH AWAY","BERLIN","2019-01-01 21:22:06"
"3416","LOVE YOURSELF","JUSTIN BIEBER","2019-01-01 21:24:53"
"3417","CLUB CAN'T HANDLE ME","FLO RIDA feat. DAVID GUETTA","2019-01-01 21:31:13"
"3418","TAUSEND TATTOOS","SIDO","2019-01-01 21:33:30"
"3419","THESE WORDS","NATASHA BEDINGFIELD","2019-01-01 21:35:16"
"3420","GIRLS GO WILD (Clean Edit)","LP","2019-01-01 21:40:09"
"3421","ALL GOOD THINGS (COME TO AN END)","NELLY FURTADO","2019-01-01 21:42:25"
"3422","AN WUNDER","WINCENT WEISS","2019-01-01 21:48:01"
"3423","PHOTOGRAPH (Felix Jaehn Remix)","ED SHEERAN","2019-01-01 21:52:08"
"3424","HAVE IT ALL","JASON MRAZ","2019-01-01 21:55:10"
"3425","NATURAL","IMAGINE DRAGONS","2019-01-01 21:57:57"
"3426","ALL FOR YOU","YEARS & YEARS","2019-01-01 22:01:44"
"3427","THE REASON","HOOBASTANK","2019-01-01 22:05:02"
"3428","SHALLOW","LADY GAGA & BRADLEY COOPER","2019-01-01 22:08:34"
"3429","LIVE TO TELL","MADONNA","2019-01-01 22:12:37"
"3430","SOMETHING JUST LIKE THIS","THE CHAINSMOKERS & COLDPLAY","2019-01-01 22:16:55"
"3431","BROKEN STRINGS","JAMES MORRISON feat. NELLY FURTADO","2019-01-01 22:20:27"
"3432","HAPPY NOW","ZEDD feat. ELLEY DUHÉ","2019-01-01 22:24:20"
"3433","FATHER AND SON","RONAN KEATING feat. YUSUF ISLAM","2019-01-01 22:27:52"
"3434","ALL I AM","JESS GLYNNE","2019-01-01 22:30:54"
"3435","NEW YEARS DAY","U2","2019-01-01 22:35:28"
"3436","MERCY","DUFFY","2019-01-01 22:39:45"
"3437","REMIND ME TO FORGET","KYGO & MIGUEL","2019-01-01 22:42:02"
"3438","SHOW ME LOVE","ROBIN SCHULZ & J.U.D.G.E.","2019-01-01 22:46:04"
"3439","HIM & I","G-EAZY & HALSEY","2019-01-01 22:49:07"
"3440","HOLD YOUR HEAD UP","ANNA ROSSINELLI","2019-01-01 22:55:11"
"3441","STARK","ICH + ICH","2019-01-01 22:57:27"
"3442","AFTER THE SKY (Underscore Version)","RSO NACHTMIX","2019-01-01 23:01:45"
"3443","HOPE OF FREEDOM","RSO NACHTMIX","2019-01-01 23:08:51"
"3444","SYMPHONICELECTRICITY","RSO NACHTMIX","2019-01-01 23:10:08"
"3445","SAD BOSSA","RSO NACHTMIX","2019-01-01 23:11:56"
"3446","EASY VAR. 1","RSO NACHTMIX","2019-01-01 23:14:12"
"3447","OBSERVING THE BEACH FROM OUTER SPACE","RSO NACHTMIX","2019-01-01 23:20:15"
"3448","MORNING SKY","RSO NACHTMIX","2019-01-01 23:25:18"
"3449","COCKTAIL LOUNGE","RSO NACHTMIX","2019-01-01 23:27:50"
"3450","DREAMING GUITAR","RSO NACHTMIX","2019-01-01 23:31:22"
"3451","EVENING WARMTH","RSO NACHTMIX","2019-01-01 23:34:54"
"3452","BACK IN THE DAYS","RSO NACHTMIX","2019-01-01 23:36:10"
"3453","OCEANS","RSO NACHTMIX","2019-01-01 23:44:38"
"3454","CHEER UP","RSO NACHTMIX","2019-01-01 23:48:26"
"3455","SOMETHING IN THE AIR","RSO NACHTMIX","2019-01-01 23:53:29"
"3456","REMEMBER ME","RSO NACHTMIX","2019-01-01 23:58:07"
"3457","PRANA MOTEL","RSO NACHTMIX","2019-01-02 00:03:40"
"3458","SOONER RATHER THAN LATER","RSO NACHTMIX","2019-01-02 00:04:10"
"3459","CALM LEVEL","RSO NACHTMIX","2019-01-02 00:07:27"
"3460","ROMANTIC MEETING","RSO NACHTMIX","2019-01-02 00:11:30"
"3461","MILES AWAY","RSO NACHTMIX","2019-01-02 00:15:47"
"3462","MODERATION MUSIC LOOP (Happy Mix)","RSO NACHTMIX","2019-01-02 00:18:49"
"3463","SAND","RSO NACHTMIX","2019-01-02 00:20:35"
"3464","FOLLOW ME","RSO NACHTMIX","2019-01-02 00:25:09"
"3465","ALL MY LOVE","RSO NACHTMIX","2019-01-02 00:34:46"
"3466","TWO WORLDS","RSO NACHTMIX","2019-01-02 00:40:34"
"3467","MY SWEET LOVE","RSO NACHTMIX","2019-01-02 00:44:52"
"3468","JASMINE","RSO NACHTMIX","2019-01-02 00:48:44"
"3469","FRAME OF MIND","RSO NACHTMIX","2019-01-02 00:53:13"
"3470","HUMILITY","RSO NACHTMIX","2019-01-02 00:59:02"
"3471","BEAUTIFUL SUNDAY","RSO NACHTMIX","2019-01-02 01:02:50"
"3472","EASY MORNING","RSO NACHTMIX","2019-01-02 01:05:40"
"3473","FEEL FINE","RSO NACHTMIX","2019-01-02 01:11:45"
"3474","IN MY MIND (Underscore Version)","RSO NACHTMIX","2019-01-02 01:15:20"
"3475","FOREST CALLS","RSO NACHTMIX","2019-01-02 01:18:52"
"3476","HAPPY LIFE","RSO NACHTMIX","2019-01-02 01:24:11"
"3477","HOW LIFE WILL BE","RSO NACHTMIX","2019-01-02 01:29:45"
"3478","LOUNGE NIGHT","RSO NACHTMIX","2019-01-02 01:32:01"
"3479","PORTS OF FAREWELL","RSO NACHTMIX","2019-01-02 01:36:41"
"3480","DE MINERALE","RSO NACHTMIX","2019-01-02 01:41:29"
"3481","MALIBU BAY","RSO NACHTMIX","2019-01-02 01:45:01"
"3482","SPA YOUR CHILL","RSO NACHTMIX","2019-01-02 01:49:18"
"3483","CORPORATE SKIES","RSO NACHTMIX","2019-01-02 01:52:11"
"3484","CRAZY FOR MICHELLE TO","RSO NACHTMIX","2019-01-02 01:55:27"
"3485","AFTER THE SKY (Underscore Version)","RSO NACHTMIX","2019-01-02 01:57:14"
"3486","HOPE OF FREEDOM","RSO NACHTMIX","2019-01-02 01:59:30"
"3487","WONDERLAND (Underscore Version)","RSO NACHTMIX","2019-01-02 02:02:32"
"3488","EASY VAR. 1","RSO NACHTMIX","2019-01-02 02:06:35"
"3489","OBSERVING THE BEACH FROM OUTER SPACE","RSO NACHTMIX","2019-01-02 02:12:30"
"3490","MORNING SKY","RSO NACHTMIX","2019-01-02 02:16:52"
"3491","COCKTAIL LOUNGE","RSO NACHTMIX","2019-01-02 02:20:55"
"3492","DREAMING GUITAR","RSO NACHTMIX","2019-01-02 02:24:18"
"3493","EVENING WARMTH","RSO NACHTMIX","2019-01-02 02:25:34"
"3494","BACK IN THE DAYS","RSO NACHTMIX","2019-01-02 02:29:06"
"3495","OCEANS","RSO NACHTMIX","2019-01-02 02:36:58"
"3496","CHEER UP","RSO NACHTMIX","2019-01-02 02:38:15"
"3497","SOMETHING IN THE AIR","RSO NACHTMIX","2019-01-02 02:46:40"
"3498","REMEMBER ME","RSO NACHTMIX","2019-01-02 02:48:46"
"3499","DIETMARHESS FIRST LOUNGE","RSO NACHTMIX","2019-01-02 02:54:25"
"3500","GOOD SPIRITS","RSO NACHTMIX","2019-01-02 02:57:43"
"3501","SOONER RATHER THAN LATER","RSO NACHTMIX","2019-01-02 03:02:00"
"3502","CALL ME MAYBE","CARLY RAE JEPSEN","2019-01-02 03:03:31"
"3503","BUILD A HOUSE","STEFANIE HEINZMANN feat. ALLE FARBEN","2019-01-02 03:07:19"
"3505","SANCTUARY (Radio Edit)","WELSHLY ARMS","2019-01-02 03:16:15"
"3506","CATCH & RELEASE (Deepend Remix)","MATT SIMONS","2019-01-02 03:18:33"
"3507","SWEET BUT PSYCHO","AVA MAX","2019-01-02 03:23:26"
"3508","GRACE KELLY","MIKA","2019-01-02 03:25:02"
"3509","SPEED OF SOUND","COLDPLAY","2019-01-02 03:30:05"
"3510","LIKE I LOVE YOU","LOST FREQUENCIES feat. THE NGHBRS","2019-01-02 03:33:38"
"3511","WAY DOWN WE GO","KALEO","2019-01-02 03:37:56"
"3512","THE, BEST","TINA TURNER","2019-01-02 03:40:57"
"3513","BAD LIAR","IMAGINE DRAGONS","2019-01-02 03:43:14"
"3514","ALL, THIS, TIME","MARIA MENA","2019-01-02 03:48:33"
"3515","CALL ON ME","STARLEY","2019-01-02 03:50:24"
"33354","ROSEMARY","NICKLESS","2019-05-02 10:15:12"
"33355","GET DOWN","JAMES ARTHUR","2019-05-02 10:19:32"
"33356","GETTING CLOSER","JUSTIN JESSO","2019-05-02 10:25:34"
"33357","CALIFORNIA KING BED","RIHANNA","2019-05-02 10:26:50"
"33358","BAILA (SEXY THING)","ZUCCHERO","2019-05-02 10:29:40"
"33359","PIECES","DECLAN J. DONOVAN","2019-05-02 10:35:48"
"33360","FRIENDS (Explicit)","MARSHMELLO & ANNE-MARIE","2019-05-02 10:38:11"
"33361","SURFER","HECHT","2019-05-02 10:40:57"
"33362","I FEEL IT COMING","THE WEEKND feat. DAFT PUNK","2019-05-02 10:44:38"
"33363","NOTHING BREAKS LIKE A HEART","MARK RONSON feat. MILEY CYRUS","2019-05-02 10:50:22"
"33364","FIREWORK","KATY PERRY","2019-05-02 10:54:35"
"33365","ALWAYS","GAVIN JAMES","2019-05-02 10:57:29"
"33366","LA CINTURA","ÀLVARO SOLER","2019-05-02 11:05:18"
"33367","BREAKEVEN","THE SCRIPT","2019-05-02 11:08:05"
"33368","STAY","BASTIAN BAKER","2019-05-02 11:15:08"
"33369","GIANT","CALVIN HARRIS feat. RAG'N'BONE MAN","2019-05-02 11:18:29"
"33370","STILLNESS OF HEART","LENNY KRAVITZ","2019-05-02 11:22:49"
"33371","DON'T CALL ME UP","MABEL","2019-05-02 11:27:10"
"33372","ALWAYS REMEMBER US THIS WAY (Radio Edit)","LADY GAGA","2019-05-02 11:31:11"
"33373","STRONGER (WHAT DOESN'T KILL YOU)","KELLY CLARKSON","2019-05-02 11:36:28"
"33374","ANGELS","TOM WALKER","2019-05-02 11:43:55"
"33375","ONLY THING WE KNOW (Acoustic)","ALLE FARBEN & YOUNOTUS & KELVIN JONES","2019-05-02 11:46:11"
"33376","HIGH HOPES","PANIC! AT THE DISCO","2019-05-02 11:47:56"
"33377","BENEATH YOUR BEAUTIFUL","LABRINTH feat. EMELI SANDÉ","2019-05-02 11:51:44"
"33378","DOESN'T MEAN ANYTHING","ALICIA KEYS","2019-05-02 11:56:16"
"33379","BODY","LOUD LUXURY feat. BRANDO","2019-05-02 12:06:21"
"33380","EINMAL","MARK FORSTER","2019-05-02 12:09:52"
"33381","THE SOUND OF SUNSHINE","MICHAEL FRANTI & SPEARHEAD","2019-05-02 12:13:14"
"33382","LITTLE NUMBERS","BOY","2019-05-02 12:17:31"
"33383","DANCING WITH A STRANGER","SAM SMITH & NORMANI","2019-05-02 12:24:04"
"33384","WATER UNDER THE BRIDGE","ADELE","2019-05-02 12:32:54"
"33385","WITHOUT ME","HALSEY","2019-05-02 12:37:56"
"33386","RECOGNISE","LOST FREQUENCIES Feat. FLYNN","2019-05-02 12:39:43"
"33387","HOLD ON (Radio Edit)","NANO","2019-05-02 12:44:15"
"33388","WALK ME HOME","P!NK","2019-05-02 12:47:32"
"33389","JUBEL","KLINGANDE","2019-05-02 12:52:34"
"33390","BE ALRIGHT","DEAN LEWIS","2019-05-02 12:54:50"
"33391","ISSUES","JULIA MICHAELS","2019-05-02 13:00:08"
"33392","SPEECHLESS","ROBIN SCHULZ feat. ERIKA SIROLA","2019-05-02 13:06:26"
"33393","SNOW (HEY OH)","RED HOT CHILI PEPPERS","2019-05-02 13:10:58"
"33394","HIER MIT DIR","WINCENT WEISS","2019-05-02 13:18:02"
"33395","SOMEONE YOU LOVED","LEWIS CAPALDI","2019-05-02 13:22:04"
"33396","SIN SIN SIN","ROBBIE WILLIAMS","2019-05-02 13:26:21"
"33397","ELECTRICITY","DUA LIPA & SILK CITY","2019-05-02 13:34:25"
"33398","CROSSFIRE","BRANDON FLOWERS","2019-05-02 13:35:40"
"33399","POWER OVER ME","DERMOT KENNEDY","2019-05-02 13:42:44"
"33400","HEART ON FIRE","YOKKO","2019-05-02 13:45:01"
"33401","FÜR IMMER UF DI","PATENT OCHSNER","2019-05-02 13:53:06"
"33402","CLOSE TO ME","ELLIE GOULDING & DIPLO feat. SWEA LEE","2019-05-02 13:57:38"
"33403","IF YOU JUST KNEW","ADRIAN SOLO","2019-05-02 14:05:41"
"33404","ALL I AM","JESS GLYNNE","2019-05-02 14:13:15"
"33405","POWER OVER ME","DERMOT KENNEDY","2019-05-02 14:13:45"
"33406","PUSH THE BUTTON","SUGABABES","2019-05-02 14:17:04"
"33407","RUIN MY LIFE","ZARA LARSSON","2019-05-02 14:22:21"
"33408","FRISCH USEM EI","DABU FANTASTIC","2019-05-02 14:27:23"
"33409","BONES","GALANTIS feat. ONE REPUBLIC","2019-05-02 14:33:42"
"33410","ALMOST LOVER","A FINE FRENZY","2019-05-02 14:36:43"
"33411","HIGH HOPES","PANIC! AT THE DISCO","2019-05-02 14:40:00"
"33412","MI CULPA","LOCO ESCRITO","2019-05-02 14:44:17"
"33413","CAME HERE FOR LOVE","SIGALA & ELLA EYRE","2019-05-02 14:47:50"
"33414","NO TEARS LEFT TO CRY","ARIANA GRANDE","2019-05-02 14:51:22"
"33415","HAPPY NOW","KYGO feat. SANDRO CAVAZZA","2019-05-02 14:54:23"
"33416","GETTING CLOSER","JUSTIN JESSO","2019-05-02 14:59:25"
"33417","LOVE GENERATION","BOB SINCLAR feat. GARY PINE","2019-05-02 15:08:30"
"33418","HOLD YOUR HEAD UP","ANNA ROSSINELLI","2019-05-02 15:12:01"
"33419","EVERYTHING I OWN","BOY GEORGE","2019-05-02 15:16:03"
"33420","STEREO LOVE","EDWARD MAYA & VIKA JIGULINA","2019-05-02 15:20:05"
"33421","IM ERSCHTE TRAM","LO & LEDUC","2019-05-02 15:22:21"
"33422","LA BICICLETA","SHAKIRA & CARLOS VIVES","2019-05-02 15:26:22"
"33423","BACK TO YOU","SELENA GOMEZ","2019-05-02 15:29:24"
"33424","SHALLOW","LADY GAGA & BRADLEY COOPER","2019-05-02 15:32:45"
"33425","SHINE ON","R.I.O.","2019-05-02 15:37:45"
"33426","FADING","ALLE FARBEN & ILIRA","2019-05-02 15:40:39"
"33427","BAD DAY","DANIEL POWTER","2019-05-02 15:42:37"
"33428","GIANT","CALVIN HARRIS feat. RAG'N'BONE MAN","2019-05-02 15:47:17"
"33429","HUMAN","THE HUMAN LEAGUE","2019-05-02 15:51:19"
"33430","NEXT TO ME","EMELI SANDÉ","2019-05-02 15:55:12"
"33431","1973","JAMES BLUNT","2019-05-02 15:58:05"
"33432","MOTHER'S HEART","STEFANIE HEINZMANN","2019-05-02 16:03:09"
"33433","MY HOMETOWN","BRUCE SPRINGSTEEN","2019-05-02 16:06:43"
"33434","FIGHT FOR THIS LOVE","CHERYL COLE","2019-05-02 16:11:16"
"33435","EASTSIDE","BENNY BLANCO feat. KHALID & HALSEY","2019-05-02 16:14:33"
"33436","LAY IT ALL ON ME","RUDIMENTAL feat. ED SHEERAN","2019-05-02 16:18:05"
"33437","CLOSE TO YOU","JAMES GRUNTZ","2019-05-02 16:21:38"
"33438","RUN RUN","RAY BLK","2019-05-02 16:25:39"
"33439","SHADOW OF THE DAY","LINKIN PARK","2019-05-02 16:28:56"
"33440","PIECES","DECLAN J. DONOVAN","2019-05-02 16:32:58"
"33441","I'LL BE MISSING YOU","PUFF DADDY AND FAITH EVANS feat. 112","2019-05-02 16:35:29"
"33442","LOVE IS ALL AROUND","WET WET WET","2019-05-02 16:43:19"
"33443","ONLY WANT YOU","RITA ORA feat. 6LACK","2019-05-02 16:44:20"
"33444","RAISE YOUR GLASS","P!NK","2019-05-02 16:51:09"
"33445","ACTION","THE PEARLBREAKERS","2019-05-02 16:54:26"
"33446","ALRIGHT","REAMONN","2019-05-02 16:57:27"
"33447","STAND","LENNY KRAVITZ","2019-05-02 17:03:47"
"33448","THUNDERCLOUDS","LSD","2019-05-02 17:07:34"
"33449","ALONE","ALAN WALKER","2019-05-02 17:11:06"
"33450","SHOTGUN","GEORGE EZRA","2019-05-02 17:14:37"
"33451","ALWAYS","GAVIN JAMES","2019-05-02 17:16:53"
"33452","ALL THIS TIME","MARIA MENA","2019-05-02 17:20:11"
"33453","LOVE SOMEONE","LUKAS GRAHAM","2019-05-02 17:23:12"
"33454","STUCK IN A MOMENT YOU CAN'T GET OUT OF","U2","2019-05-02 17:26:29"
"33455","SOMEONE YOU LOVED","LEWIS CAPALDI","2019-05-02 17:30:16"
"33456","THE BEST","TINA TURNER","2019-05-02 17:33:17"
"33457","PASSIONFRUIT","DRAKE","2019-05-02 17:38:19"
"33458","BIG GIRLS DON'T CRY","FERGIE","2019-05-02 17:41:36"
